{

    "metadata" :
    {
        "formatVersion" : 3.1,
        "sourceFile"    : "aim120a.obj",
        "generatedBy"   : "OBJConverter",
        "vertices"      : 102,
        "faces"         : 140,
        "normals"       : 101,
        "colors"        : 0,
        "uvs"           : 42,
        "materials"     : 1
    },

    "scale" : 1.000000,

    "materials": [	{
	"DbgColor" : 15658734,
	"DbgIndex" : 0,
	"DbgName" : "skin.png",
	"color":0,
	"colorAmbient" : [0.8, 0.8, 0.8],
	"colorDiffuse" : [0.7, 0.7, 0.7],
	"colorSpecular" : [1.4, 1.4, 1.4],
	"mapAmbient" : "skin.png",
	"mapDiffuse" : "skin.png"

	}],

    "vertices": [0.532673,-0.000000,0.000000,-0.447562,-0.026951,-0.026951,-0.447562,0.026951,0.026951,-0.235012,-0.026951,-0.026950,-0.447562,0.128981,-0.128981,-0.235012,0.026951,0.026951,0.532673,0.507375,-0.507374,4.755554,0.608067,-0.608067,4.938501,-0.000000,-0.000000,4.071943,-0.026951,-0.026951,4.071943,0.026951,0.026950,4.313517,-0.026951,-0.026951,4.071943,0.300007,-0.300007,4.313517,0.026951,0.026950,4.938501,0.604859,-0.604859,4.755554,-0.608067,0.608066,4.938501,0.000000,-0.000000,4.071943,0.026951,0.026950,4.071943,-0.026951,-0.026951,4.313517,0.026951,0.026950,4.071943,-0.300007,0.300007,4.313517,-0.026951,-0.026951,4.938501,-0.604860,0.604859,0.532673,0.000000,-0.000000,-0.447562,0.026951,0.026951,-0.447562,-0.026951,-0.026951,-0.235012,0.026951,0.026950,-0.447562,-0.128981,0.128981,-0.235012,-0.026951,-0.026951,0.532674,-0.507375,0.507374,0.532673,0.000000,0.000000,-0.447562,-0.026951,0.026951,-0.447562,0.026951,-0.026951,-0.235012,-0.026950,0.026951,-0.447562,-0.128981,-0.128981,-0.235012,0.026951,-0.026951,0.532673,-0.507375,-0.507374,4.755554,-0.608067,-0.608066,4.938501,0.000000,0.000000,4.071943,-0.026951,0.026951,4.071943,0.026951,-0.026951,4.313517,-0.026950,0.026951,4.071943,-0.300007,-0.300007,4.313517,0.026951,-0.026951,4.938501,-0.604859,-0.604859,4.755554,0.608067,0.608067,4.938501,-0.000000,0.000000,4.071943,0.026951,-0.026951,4.071943,-0.026951,0.026951,4.313517,0.026950,-0.026951,4.071943,0.300007,0.300007,4.313517,-0.026951,0.026951,4.938501,0.604859,0.604859,0.532673,-0.000000,-0.000000,-0.447562,0.026951,-0.026951,-0.447562,-0.026951,0.026951,-0.235012,0.026950,-0.026951,-0.447562,0.128981,0.128981,-0.235012,-0.026951,0.026951,0.532673,0.507374,0.507375,-3.589706,-0.247686,-0.000000,-3.589706,-0.175140,0.175140,-3.589706,0.000000,0.247686,-3.589706,0.175140,0.175140,-3.589706,0.247686,-0.000000,-3.589706,0.175140,-0.175140,-3.589706,-0.000000,-0.247686,-3.589706,-0.175140,-0.175140,4.951270,-0.247686,0.000000,4.951270,-0.175140,0.175140,4.951270,-0.000000,0.247686,4.951270,0.175140,0.175140,4.951270,0.247686,0.000000,4.951270,0.175140,-0.175140,4.951270,-0.000000,-0.247686,4.951270,-0.175140,-0.175140,4.951270,0.000000,0.000000,-3.983547,-0.150718,-0.150718,-3.983547,-0.000000,-0.213148,-3.983547,0.150718,-0.150718,-3.983547,0.213148,-0.000000,-3.983547,0.150718,0.150718,-3.983547,0.000000,0.213148,-3.983547,-0.150718,0.150718,-3.983547,-0.213148,-0.000000,-4.388640,-0.171076,-0.000000,-4.388640,-0.120969,0.120969,-4.388640,0.000000,0.171076,-4.388640,0.120969,0.120969,-4.388640,0.171076,-0.000000,-4.388640,0.120969,-0.120969,-4.388640,-0.000000,-0.171076,-4.388640,-0.120969,-0.120969,-4.714965,-0.064449,-0.064449,-4.714965,-0.000000,-0.091144,-4.714965,0.064449,-0.064449,-4.714965,0.091144,-0.000000,-4.714965,0.064449,0.064448,-4.714965,-0.000000,0.091144,-4.714965,-0.064449,0.064448,-4.714965,-0.091144,-0.000000,-4.928765,-0.000000,-0.000000],

    "morphTargets": [],

    "morphColors": [],

    "normals": [-0.049587,-0.70624,-0.70624,-0.049587,0.70624,0.70624,1,0,0,0.056928,0.63996,0.76629,-0.001084,0.67551,0.73735,0,0.6751,0.73772,-0.001084,-0.73735,-0.67551,0.056928,-0.76629,-0.63996,-0,-0.73772,-0.6751,-0.060871,-0.7058,-0.7058,-0.060871,0.7058,0.7058,0.056928,-0.63996,-0.76629,-0.001084,-0.67551,-0.73735,-0,-0.6751,-0.73772,-0.001084,0.73735,0.67551,0.056928,0.76629,0.63996,0,0.73772,0.6751,-0.060871,0.70579,0.7058,-0.060871,-0.70579,-0.7058,-0.049587,-0.70624,0.70624,-0.049587,0.70624,-0.70624,0.056928,0.76629,-0.63996,-0.001084,0.73735,-0.67551,-0,0.73772,-0.6751,-0.001084,-0.67551,0.73735,0.056928,-0.63996,0.76629,-0,-0.6751,0.73772,-0.060871,-0.7058,0.7058,-0.060871,0.7058,-0.7058,0.056928,-0.76629,0.63996,-0.001084,-0.73735,0.67551,-0,-0.73772,0.6751,-0.001084,0.67551,-0.73735,0.056928,0.63996,-0.76629,0,0.6751,-0.73772,-0.36646,-0.85961,0.35606,-0.36646,-0.35606,0.85961,-0.36646,0.35606,0.85961,-0.36646,0.85961,0.35606,-0.36646,0.85961,-0.35606,-0.36646,0.35606,-0.85961,-0.36646,-0.35606,-0.85961,-0.36646,-0.85961,-0.35606,-0.22072,-0.90109,0.37325,-0.22072,-0.90109,0.37324,-0.22072,-0.37324,0.90109,-0.22072,0.37325,0.90109,-0.22072,0.37324,0.90109,-0.22072,0.90109,0.37324,-0.22072,0.90109,-0.37325,-0.22072,0.90109,-0.37324,-0.22072,0.37324,-0.90109,-0.22072,-0.37324,-0.90109,-0.22072,-0.90109,-0.37324,-0.095512,-0.91966,-0.38093,-0.095512,-0.38093,-0.91966,-0.095513,-0.38093,-0.91966,-0.095512,0.38093,-0.91966,-0.095513,0.91966,-0.38093,-0.095513,0.91966,0.38093,-0.095513,0.91966,0.38093,-0.095513,0.38093,0.91966,-0.095513,-0.38093,0.91966,-0.095513,-0.91966,0.38093,-0.080755,-0.92086,0.38143,-0.080755,-0.38143,0.92086,-0.080755,0.38143,0.92086,-0.080755,0.92086,0.38143,-0.080755,0.92086,-0.38143,-0.080755,0.38143,-0.92086,-0.080755,-0.38143,-0.92086,-0.080755,-0.92086,-0.38143,0,-0.92388,-0.38268,0,-0.38268,-0.92388,0,-0.38268,-0.92388,0,0.38268,-0.92388,0,0.92388,-0.38268,0,0.92388,-0.38268,-0,0.92388,0.38268,-0,0.38268,0.92388,-0,0.38268,0.92388,-0,-0.38268,0.92388,-0,-0.38268,0.92388,-0,-0.92388,0.38268,-0,-0.92388,0.38268,0.068993,0.61038,-0.7891,-0,0.54753,-0.83679,0.068993,-0.7891,0.61038,-0,-0.83679,0.54753,0.068993,-0.61038,0.7891,-0,-0.54753,0.83679,0.068993,0.7891,-0.61038,-0,0.83679,-0.54753,0.068993,0.7891,0.61038,-0,0.83679,0.54753,0.068993,-0.61038,-0.7891,-0,-0.54753,-0.83679,0.068993,-0.7891,-0.61038,-0,-0.83679,-0.54753,0.068993,0.61038,0.7891,-0,0.54753,0.83679],

    "colors": [],

    "uvs": [[0.549,0.77161,0.549,0.49602,0.47528,0.49602,0.88884,0.65898,0.88884,0.49602,0.95448,0.82631,0.97204,0.82456,0.91203,0.49602,0.97204,0.49602,0.88884,0.33307,0.95448,0.16574,0.97204,0.16748,0.549,0.22043,0.97327,0.49602,0.97327,0.56329,0.97327,0.42875,0.97327,0.40089,0.97327,0.59115,0.045117,0.52077,0.045117,0.49602,0.024588,0.49602,0.045117,0.47127,0.045117,0.46102,0.045117,0.53103,0.076451,0.54248,0.076451,0.49602,0.076451,0.44956,0.076451,0.43032,0.076451,0.56173,0.11535,0.57789,0.11535,0.55391,0.11535,0.49602,0.11535,0.43813,0.11535,0.41416,0.15316,0.56329,0.15316,0.49602,0.15316,0.42875,0.15316,0.40089,0.15316,0.59115,0.45487,0.42596,0.45487,0.49602,0.45487,0.56608]],